max_tokens,Response
30,"Olives are not only delicious, but they also have a fascinating history and a wide range of health benefits. Here are a few interesting facts about ol"
40,"One fascinating aspect about olives is their rich history which dates back thousands of years. Olives have been cultivated and enjoyed by various civilizations throughout the Mediterranean region for over 6,000 years. They"
50,"Sure! Did you know that olives have been cultivated for thousands of years and are native to the Mediterranean region? They have a rich history and cultural significance in countries like Greece, Italy, and Spain.

Olives are not only enjoyed as a delicious"
60,"One interesting fact about olives is that they have been cultivated for over 6,000 years and have a rich history in Mediterranean civilizations. This small fruit was highly valued in ancient Greece and Rome, not only as a food source but also for its use in creating olive oil, which was highly prized"
70,"Olives have a fascinating history and numerous health benefits. Here are a few interesting facts about olives:

1. Olives have been cultivated for thousands of years and are native to the Mediterranean region. They have played a significant role in the cuisine and culture of this area for centuries.

2. There are hundreds of different varieties of olives, each"
80,"One interesting fact about olives is that they have been cultivated for over 6,000 years and are one of the oldest known cultivated trees in the world. In ancient civilizations, olives were not only used for food but also played a significant role in religious rituals and were seen as a symbol of peace, wisdom, and fertility. The olive tree has deep roots in Mediterranean cultures and continues to be"
90,"Olives have been cultivated for thousands of years and hold significant cultural and culinary significance around the world. Here are a few interesting facts about olives:

1. Ancient Greeks considered olives to be a sacred fruit associated with wisdom, peace, and fertility. Olive trees were even believed to be a gift from the goddess Athena.

2. Olives are rich in healthy monounsaturated fats, which can help reduce bad cholesterol levels and lower the risk of"
100,"One interesting fact about olives is that they have been cultivated for thousands of years and have a rich cultural and historical significance. They are believed to have originated in the Mediterranean region and have been a staple in Mediterranean cuisines for centuries.

Olives are not only known for their unique taste but also for their health benefits. They are a great source of healthy monounsaturated fats which can help improve heart health and reduce inflammation. Olives are also rich in antioxidants, vitamin E, and polyphenols"
