Temperature,Response
0.1,"Olives have a rich history dating back thousands of years. They were first cultivated in the Mediterranean region around 5000 BC and have since become a staple in Mediterranean cuisine. 

One interesting fact about olives is that they come in a variety of colors, including green, black, and shades of purple. The color of an olive depends on its ripeness when harvested. Green olives are picked before they fully ripen, while black olives are left on the tree until they are fully mature"
0.2,"Olives have a fascinating history and offer a range of interesting facts. Here are a few:

1. Olives have been cultivated for thousands of years and are one of the oldest known cultivated trees in the world. They were first domesticated in the Mediterranean region around 6000 BC.

2. Olive trees are incredibly resilient and can live for hundreds, and even thousands, of years. Some olive trees in the Mediterranean are believed to be over 2,000 years old.

3. Olives"
0.3,"One interesting fact about olives is that they have been cultivated for thousands of years and have a rich history dating back to ancient times. Olives were first domesticated in the Mediterranean region around 6000 BC and have since become a staple in the cuisine of many cultures.

Another fascinating aspect of olives is their versatility. They can be enjoyed in various forms, such as table olives, olive oil, or even as an ingredient in dishes like tapenades and salads. Olives are known"
0.4,"Olives have a rich history dating back thousands of years. They were first cultivated in the Mediterranean region around 5000 BCE and have since become an integral part of the cuisine and culture of many countries in that area. 

One interesting fact about olives is that they come in a wide variety of colors, shapes, and sizes. While most people are familiar with the common green and black olives, there are actually hundreds of different olive cultivars, each with its own unique taste and characteristics."
0.5,"One interesting fact about olives is that they have been cultivated for thousands of years and have a rich history dating back to ancient civilizations. The olive tree, known as Olea europaea, is native to the Mediterranean region and has played a significant role in the culture, economy, and cuisine of that area.

Olives have been used not only for their fruit but also for their oil, which has been highly valued for its flavor and health benefits. In fact, olive oil is considered one of the"
0.6,"One interesting fact about olives is that they have been cultivated for thousands of years and have a rich history dating back to ancient times. They were first domesticated in the Mediterranean region around 5,000 BC and have since become an integral part of the cuisine and culture of many countries in that area.

Another fascinating aspect of olives is their versatility. They can be consumed in various forms, including as table olives, olive oil, or even as an ingredient in dishes such as salads, pasta"
0.7,"One interesting fact about olives is that they have been cultivated for thousands of years and have a rich history dating back to ancient civilizations. The olive tree, known as Olea europaea, is native to the Mediterranean region and has played a significant role in the cultures of ancient Greece, Rome, Egypt, and others.

Not only are olives enjoyed for their delicious taste, but they also hold symbolic and cultural significance. In Greek mythology, the olive tree was believed to be a gift from the goddess"
0.8,"Sure! Did you know that olives have been cultivated for thousands of years and are one of the oldest tree crops in the world? They have been highly regarded throughout history for their culinary and medicinal purposes.

Olives are not only delicious but also packed with health benefits. They are a great source of antioxidants, monounsaturated fats, and vitamin E, which are all beneficial for heart health. Additionally, olives contain anti-inflammatory properties and may help reduce the risk of chronic diseases such as cancer and"
0.9,"Sure! One interesting fact about olives is that they have been cultivated for thousands of years and have significant cultural and historical significance. They are believed to have originated in the Mediterranean region, where they have been a staple food for centuries. In fact, olives have been mentioned in ancient Greek texts and were even found in the tombs of ancient Egyptian pharaohs.

Additionally, olives have numerous health benefits. They are a rich source of monounsaturated fats, which are considered healthy fats that"
1.0,"Olives have a fascinating history and are known for their versatility and health benefits. Here are a few interesting facts about olives:

1. Ancient origins: Olives have been cultivated for thousands of years and can be traced back to ancient civilizations such as the Greeks, Romans, and Egyptians. They were not only valued as a food source but also for their oil, which was used for cooking, lighting, and skincare.

2. Many varieties: There are various types of olives, each with unique"
