top_p,Response
0.1,"One interesting fact about olives is that they have been cultivated for thousands of years and have a rich history dating back to ancient civilizations. The olive tree, known as Olea europaea, is native to the Mediterranean region and has been a symbol of peace, wisdom, and fertility in various cultures.

Olives are not only enjoyed as a delicious snack or ingredient in various cuisines but also have numerous health benefits. They are a great source of monounsaturated fats, which are considered heart-healthy"
0.2,"One interesting fact about olives is that they have been cultivated for thousands of years and have a rich history dating back to ancient civilizations. The olive tree, scientifically known as Olea europaea, is native to the Mediterranean region and has been a symbol of peace, wisdom, and fertility in various cultures.

Olives are not only enjoyed as a delicious snack or ingredient in various cuisines but also have numerous health benefits. They are a great source of monounsaturated fats, which are considered heart-"
0.3,"One interesting fact about olives is that they have been cultivated for thousands of years and have a rich history dating back to ancient civilizations. The olive tree, known as Olea europaea, is native to the Mediterranean region and has been a symbol of peace, wisdom, and fertility in various cultures.

Olives are not only enjoyed as a delicious snack or ingredient in various cuisines but also have numerous health benefits. They are a great source of monounsaturated fats, which are considered heart-healthy"
0.4,"One interesting fact about olives is that they have been cultivated for thousands of years and have a rich history dating back to ancient civilizations. The olive tree, known as Olea europaea, is native to the Mediterranean region and has been a symbol of peace, wisdom, and fertility in various cultures.

Olives are not only enjoyed as a delicious snack or ingredient in various cuisines but also have numerous health benefits. They are a great source of monounsaturated fats, which are considered heart-healthy"
0.5,"One interesting fact about olives is that they have been cultivated for thousands of years and have a rich history. They were first domesticated in the Mediterranean region around 6,000 years ago and have since become a staple in the cuisine of many cultures.

Olives are not only delicious but also highly nutritious. They are a great source of healthy monounsaturated fats, which can help reduce the risk of heart disease. They are also rich in antioxidants, such as vitamin E, which can help protect"
0.6,"One interesting fact about olives is that they have been cultivated for thousands of years and have a rich history dating back to ancient civilizations. They were first domesticated in the Mediterranean region, particularly in present-day Greece and Syria, and have since become a staple in Mediterranean cuisine.

Olives are not only delicious but also highly nutritious. They are a great source of healthy fats, particularly monounsaturated fats, which are known to promote heart health. They also contain antioxidants, such as vitamin E and poly"
0.7,"One interesting fact about olives is that they have been cultivated for thousands of years, dating back to ancient civilizations such as the Egyptians, Greeks, and Romans. The olive tree, known as ""Olea europaea,"" is native to the Mediterranean region and has played a significant role in the culture and economy of these civilizations.

Olives are not only enjoyed as a tasty snack or as a key ingredient in various Mediterranean dishes, but they also have a rich history of symbolism and significance. In ancient Greece"
0.8,"One interesting fact about olives is that they have been cultivated for thousands of years and have played a significant role in Mediterranean cuisine and culture. They are not only enjoyed as a delicious snack or ingredient but also have symbolic and historical importance.

Olives are native to the Mediterranean region and have been cultivated since ancient times. The earliest evidence of olive cultivation dates back to 6000 BC in Syria. From there, olives spread to other parts of the Mediterranean, including Greece, Italy, and Spain.

"
0.9,"Olives are not only a delicious addition to salads, pizzas, and Mediterranean dishes, but they also have a fascinating history and unique characteristics. Here are a few interesting facts about olives:

1. Ancient Origins: Olives have been cultivated for thousands of years and are believed to have originated in the Mediterranean region over 6,000 years ago. They were highly valued by ancient civilizations such as the Greeks and Romans.

2. Versatile Fruit: Olives are technically classified as fruits, specifically a"
1.0,"One interesting fact about olives is that they have been cultivated for thousands of years and have played a significant role in various cultures and cuisines around the world. They are believed to have originated in the Mediterranean region and have been a staple food in Greek and Roman civilizations.

Olives are not only enjoyed for their unique and diverse flavors but also for their numerous health benefits. They are a good source of monounsaturated fats, which are considered heart-healthy fats that can help lower bad cholesterol levels."
